{
    "mean": [
        -0.007562390994280577,
        -0.5921335220336914,
        -0.12096814811229706
    ],
    "std": [
        0.49010640382766724,
        0.6184910535812378,
        0.5425198078155518
    ],
    "window_size": 150,
    "channels": 3,
    "target_fs": 25,
    "use_channels": "acc1"
}